{
    "display": {
        "icon": {
            "id": "minecraft:jigsaw"
        },
        "title": "42dominion",
        "description": [
            {
                "text": "BaphomethLabs",
                "color": "gold",
                "italic": true
            }
        ],
        "frame": "challenge",
        "show_toast": false,
        "announce_to_chat": false,
        "hidden": false,
        "background": "minecraft:textures/block/jigsaw_bottom.png"
    },
    "criteria": {
        "tick": {
            "trigger": "minecraft:tick"
        }
    }
}