{
	"display": {
		"icon": {
			"id": "minecraft:command_block"
		},
		"title": "42op",
		"description": [
			{
				"text": "/tag @p add 42op",
				"color": "green"
			},
			{
				"text": " - Allow access to cheats in survival. Remove with ",
				"color": "white"
			},
            {
				"text": "/tag @p remove 42op",
				"color": "green"
			}
		],
		"frame": "goal",
		"show_toast": false,
		"announce_to_chat": false,
		"hidden": false
	},
	"parent": "42:dominion/root",
	"criteria": {
		"none": {
			"trigger": "minecraft:impossible"
		}
	}
}